Star Trek Beyond,Star Trek Beyond is a 2016 American science fiction adventure film directed by Justin Lin from a screenplay by Simon Pegg and Doug Jung# based on the series Star Trek# created by Gene Roddenberry. It is the thirteenth film in the Star Trek film franchise and the third installment in the reboot series# following Star Trek (2009) and Star Trek Into Darkness (2013). Chris Pine and Zachary Quinto reprise their roles as Captain James T. Kirk and Commander Spock# with Pegg# Karl Urban# Zoe Saldana# John Cho# and Anton Yelchin reprising their roles from the previous films. Idris Elba and Sofia Boutella also join the cast.Principal photography began in Vancouver on June 25# 2015. The film premiered in Sydney on July 7# 2016 and was released in the United States on July 22# 2016. The film is dedicated to the memory of Yelchin# who died a month prior to the film's release# as well as fellow Star Trek actor Leonard Nimoy# who died during pre-production. The film received positive reviews# with many critics praising the performances# action scenes# musical score# visual effects# and tributes to Yelchin and Nimoy# and has grossed close to $338 million worldwide.,https://upload.wikimedia.org/wikipedia/en/b/ba/Star_Trek_Beyond_poster.jpg,04-03-2016,Justin Lin,-,-,English,90,8.6,Action
Queen of Katwe,Queen of Katwe is a 2016 American biographical sports drama film directed by Mira Nair and written by William Wheeler. Starring David Oyelowo# Lupita Nyong'o and Madina Nalwanga# the film depicts the life of Phiona Mutesi# a Ugandan chess prodigy from Katwe who becomes a Woman Candidate Master after her performances at World Chess Olympiads. The film also had its South African Johannesburg Premiere on 6 October 2016.Adapted from an ESPN magazine and book by Tim Crothers# the film was produced by Walt Disney Pictures and ESPN Films. Queen of Katwe was screened at the 2016 Toronto International Film Festival. The film had a limited release in the United States on September 23# 2016 and a general theatrical release on September 30. The film garnered critical praise for its cast# setting and subject matter; elements regarded as rare for a major American studio release.,https://upload.wikimedia.org/wikipedia/en/9/90/Queen_of_Katwe_poster.jpg,10-09-2016,Mira Nair,-,-,English,168,9.6,Comedy
Zootopia,Zootopia (released as Zootropolis in some countries) is a 2016 American 3D computer-animated buddy comedy adventure film produced by Walt Disney Animation Studios and released by Walt Disney Pictures. It is the 55th Disney animated feature film. The film is directed by Byron Howard and Rich Moore# co-directed by Jared Bush# and starring the voices of Ginnifer Goodwin# Jason Bateman# Idris Elba# Jenny Slate# Nate Torrence# Bonnie Hunt# Don Lake# Tommy Chong# J. K. Simmons# Octavia Spencer# Alan Tudyk and Shakira. The film details the unlikely partnership between a rabbit police officer and a red fox con artist as they uncover a conspiracy that involves the disappearance of predator inhabitants of a mammalian metropolis.Zootopia premiered at the Brussels Animation Film Festival in Belgium on February 13# 2016# and went into general theatrical release in conventional 2D# Disney Digital 3D# RealD 3D and IMAX 3D formats in the United States on March 4# 2016. The film was praised for its story# animation# voice cast# humor and themes about discrimination and social stereotypes. It opened to record-breaking box office success in several countries and has earned a worldwide gross of over $1 billion# making it the second-highest-grossing film of 2016 and the 24th-highest-grossing film of all time.,https://upload.wikimedia.org/wikipedia/en/e/ea/Zootopia.jpg,13-02-2016,-,-,Clark Spencer,English,101,7.2,Tragedy
The Secret Life of Pets,The Secret Life of Pets is a 2016 American 3D computer-animated adventure comedy film produced by Illumination Entertainment. It is directed by Chris Renaud and co-directed by Yarrow Cheney and written by Brian Lynch# Cinco Paul and Ken Daurio. The film stars Louis C.K.# Eric Stonestreet# Kevin Hart# Steve Coogan# Ellie Kemper# Bobby Moynihan# Lake Bell# Dana Carvey# Hannibal Buress# Jenny Slate# and Albert Brooks.The Secret Life of Pets premiered at the Annecy International Animated Film Festival on June 16# 2016 and was released to theatres in the United States on July 8# 2016 by Universal Pictures. Upon release# it received positive critical reviews and grossed $849 million worldwide# becoming the highest grossing original animated film not produced by Disney or Pixar.,https://upload.wikimedia.org/wikipedia/en/6/64/The_Secret_Life_of_Pets_poster.jpg,16-06-2016,-,-,-,English,154,8.6,Comedy
Now You See Me 2,Now You See Me 2 is a 2016 American heist thriller film directed by Jon M. Chu and written by Ed Solomon. The film stars an ensemble cast that includes Jesse Eisenberg# Mark Ruffalo# Woody Harrelson# Dave Franco# Daniel Radcliffe# Lizzy Caplan# Jay Chou# Sanaa Lathan# Michael Caine and Morgan Freeman. It is sequel to the 2013 film Now You See Me and follows the Four Horsemen who resurface and are forcibly recruited by a tech genius to pull off an almost impossible heist.On July 3# 2013# a sequel to Now You See Me was officially announced to be in development. Filming began in November 2014 and lasted until May 2015. The film was released on June 10# 2016 by Summit Entertainment# and received mixed reviews from critics# grossing over $331 million worldwide. However# it was a disappointment in the domestic box office as it failed to exceed $100 million.As well as starring in the film# Jay Chou also composed and sung the ending theme  Now You See Me .,https://upload.wikimedia.org/wikipedia/en/9/9a/Now_You_See_Me_2_poster.jpg,06-06-2016,Jon M. Chu,-,-,English,107,8.3,Thriller
Bad Moms,Bad Moms is a 2016 American comedy film directed and written by Jon Lucas and Scott Moore. The film stars an ensemble cast that includes Mila Kunis# Kristen Bell# Kathryn Hahn# Jay Hernandez# Jada Pinkett Smith and Christina Applegate.Principal photography began on January 11# 2016 in New Orleans. The film premiered on July 19# 2016 in New York City and was theatrically released on July 29# 2016 by STX Entertainment. It received mixed to positive reviews from critics and has grossed over $170 million. It became the first film from STX Entertainment to cross $100 million domestically.,https://upload.wikimedia.org/wikipedia/en/7/70/Bad_Moms_poster.jpg,19-07-2016,-,-,-,English,95,8.1,Tragedy
Star Wars: The Force Awakens,Star Wars: The Force Awakens (also known as Star Wars: Episode VII  €“ The Force Awakens) is a 2015 American space opera epic film directed# co-produced and co-written by J. J. Abrams# and marks a break in creative control from the original series. The first installment of the Star Wars sequel trilogy# it stars Harrison Ford# Mark Hamill# Carrie Fisher# Adam Driver# Daisy Ridley# John Boyega# Oscar Isaac# Lupita Nyong'o# Andy Serkis# Domhnall Gleeson# Anthony Daniels# Peter Mayhew# and Max von Sydow. Produced by Lucasfilm Ltd. and Abrams' production company Bad Robot Productions and distributed worldwide by Walt Disney Studios Motion Pictures# The Force Awakens is set 30 years after Return of the Jedi; it follows Rey# Finn# and Poe Dameron's search for Luke Skywalker and their fight alongside the Resistance# led by veterans of the Rebel Alliance# against Kylo Ren and the First Order# a successor group to the Galactic Empire.The Force Awakens was announced after Disney's acquisition of Lucasfilm in October 2012. It was produced by Abrams# his longtime collaborator Bryan Burk# and Lucasfilm president Kathleen Kennedy. Abrams and Lawrence Kasdan# co-writer of the original trilogy films The Empire Strikes Back (1980) and Return of the Jedi (1983)# rewrote an initial script by Michael Arndt. John Williams# composer for the previous six films# returned to compose the film's score.,https://upload.wikimedia.org/wikipedia/en/a/a2/Star_Wars_The_Force_Awakens_Theatrical_Poster.jpg,08-07-2016,J. J. Abrams,-,-,English,106,7.8,Action
Terminator Genisys,Terminator Genisys is a 2015 American science fiction action film directed by Alan Taylor and written by Laeta Kalogridis and Patrick Lussier. The fifth installment in the Terminator franchise# following 2009's Terminator Salvation# the film stars Arnold Schwarzenegger (reprising his role as the eponymous character)# Jason Clarke# Emilia Clarke and Jai Courtney. The plot follows soldier Kyle Reese in the war against Skynet; Reese is sent from the year 2029 to 1984 by John Connor# leader of the Human Resistance# to protect Connor's mother Sarah. When Reese arrives in the past# he discovers that the timeline has been altered and Sarah has been raised by a reprogrammed Terminator.Megan Ellison and her production company# Annapurna Pictures# acquired the franchise rights in May 2011. The following year# production of another installment in the series was set up in collaboration with Skydance Productions (owned by Ellison's brother# David). The Ellisons consulted Terminator creator James Cameron in the hope of returning to the spirit of the original film and its sequel# Terminator 2: Judgment Day. Principal photography was primarily in New Orleans# with some in the on-screen setting of San Francisco.,https://upload.wikimedia.org/wikipedia/en/b/bc/Terminator_Genisys.JPG,22-06-2015,Alan Taylor,-,-,English,185,7,Romance
Jurassic World,Jurassic World is a 2015 American science fiction adventure film and the fourth installment of the Jurassic Park series. It was directed and co-written by Colin Trevorrow# produced by Frank Marshall and Patrick Crowley# and stars Chris Pratt and Bryce Dallas Howard. The production companies were Steven Spielberg's Amblin Entertainment# also responsible for the rest of the franchise# and Thomas Tull's Legendary Pictures. Set 22 years after the events of Jurassic Park# Jurassic World takes place on the same fictional island of Isla Nublar# off the Pacific coast of Central America# where a theme park populated with cloned dinosaurs has operated for ten years. The park plunges into chaos when a genetically created dinosaur breaks loose and goes on a rampage across the island.Universal Pictures intended to begin production on a fourth Jurassic Park film in 2004 for a summer 2005 release# but the film entered over a decade of development hell while the script went through revisions. Following a suggestion from Spielberg# writers Rick Jaffa and Amanda Silver explored the idea of a functional dinosaur park. Once Trevorrow was hired as director in 2013# he followed the same idea while developing a whole new script with Derek Connolly.,https://upload.wikimedia.org/wikipedia/en/6/6e/Jurassic_World_poster.jpg,29-05-2015,Colin Trevorrow,-,-,English,192,6.8,Action
Furious 7,Furious 7 (often stylized as Furious Seven and alternatively known as Fast 7 or Fast & Furious 7) is a 2015 American action film directed by James Wan and written by Chris Morgan. It is the seventh installment in the Fast and the Furious franchise. The film stars Vin Diesel# Paul Walker# Dwayne Johnson# Michelle Rodriguez# Tyrese Gibson# Chris Bridges# Jordana Brewster# Kurt Russell# and Jason Statham. Furious 7 follows Dominic Toretto (Diesel)# Brian O'Conner (Walker) and the rest of their team# who have returned to the United States to live normal lives after securing amnesty for their past crimes in Fast & Furious 6 (2013)# until Deckard Shaw (Statham)# a rogue special forces assassin seeking to avenge his comatose younger brother# puts them in danger once again.With the previous three installments set between 2 Fast 2 Furious (2003) and The Fast and the Furious: Tokyo Drift (2006)# Furious 7 is the first installment in the franchise to take place after Tokyo Drift. The film also marks the final film appearance of Walker# who died in a single-vehicle crash on November 30# 2013# with filming only half-completed. Following Walker's death# filming was delayed for script rewrites# and his brothers# Caleb and Cody# were used among others as stand-ins to complete his remaining scenes.Plans for a seventh installment were first announced in February 2012 when Johnson stated that production on the film would begin after the completion of Fast & Furious 6.,https://upload.wikimedia.org/wikipedia/en/b/b8/Furious_7_poster.jpg,01-04-2015,James Wan,Chris Morgan,-,English,163,7.5,Romance
The Good Dinosaur,The Good Dinosaur is a 2015 American 3D computer-animated comedy adventure film produced by Pixar Animation Studios and released by Walt Disney Pictures. The film is directed by Peter Sohn in his directorial debut from a screenplay by Meg LeFauve from an original idea by Bob Peterson. Set on a fictional Earth in which dinosaurs never became extinct# the film follows a young Apatosaurus named Arlo# who meets an unlikely human friend while traveling through a harsh and mysterious landscape. The film features the voices of Raymond Ochoa# Jack Bright# Sam Elliott# Anna Paquin# A.J. Buckley# Steve Zahn# Jeffrey Wright# and Frances McDormand.Peterson# who came up with the idea for the story# directed the film until August 2013. In October 2014# Sohn was announced as the new director. The film# along with Inside Out# marks the first time that Pixar has released two feature films in the same year.The Good Dinosaur premiered on November 10# 2015 in Paris.,https://upload.wikimedia.org/wikipedia/en/8/80/The_Good_Dinosaur_poster.jpg,10-11-2015,Peter Sohn,-,Denise Ream,English,159,7.2,Thriller
The Transporter Refueled,The Transporter Refueled (French: Le Transporteur : HÃ©ritage) is a 2015 French action film directed by Camille Delamarre and written by Bill Collage# Adam Cooper# and Luc Besson. It is the fourth film in the Transporter franchise and the first film to be distributed by EuropaCorp in North America# but features a new cast# with Ed Skrein replacing Jason Statham as the title role of Frank Martin. It is the first installment of a planned Transporter reboot trilogy.Filming began on 1 August 2014# in Paris# France. The film was released on 4 September 2015 in the United States and 9 September in France.,https://upload.wikimedia.org/wikipedia/en/2/2c/%22The_Transporter_Refueled%22_poster.jpg,23-09-2016,Camille Delamarre,-,-,English,182,8.7,Thriller
Edge of Tomorrow,Edge of Tomorrow (alternatively known by its tagline Live. Die. Repeat. and marketed as such on home release) is a 2014 American military science fiction film starring Tom Cruise and Emily Blunt. Doug Liman directed the film based on a screenplay adapted from the 2004 Japanese light novel All You Need Is Kill by Hiroshi Sakurazaka. The film takes place in the year 2020 where Earth is invaded by an alien race called the Mimics# which hit Earth in 2015 via meteorite. Cruise plays Bill Cage# a public relations officer with no combat experience# who is ordered by his superior to film the first wave of a crucial landing operation against the aliens. Though Cage is killed in combat# he finds himself in a time loop that sends him back to the day preceding the battle every time he dies.,https://upload.wikimedia.org/wikipedia/en/f/f9/Edge_of_Tomorrow_Poster.jpg,28-05-2014,Doug Liman,-,-,English,154,7.8,Action
Dawn of the Planet of the Apes,Dawn of the Planet of the Apes is a 2014 American science fiction film directed by Matt Reeves and written by Mark Bomback# Rick Jaffa and Amanda Silver. It stars Andy Serkis# Jason Clarke# Gary Oldman# Keri Russell# Toby Kebbell# and Kodi Smit-McPhee. It is the sequel to the 2011 film Rise of the Planet of the Apes# which began 20th Century Fox's reboot of the original Planet of the Apes series. Dawn is set ten years after the events of Rise# and follows a group of people in San Francisco who struggle to stay alive in the aftermath of a plague that is wiping out humanity# while Caesar tries to maintain dominance over his community of intelligent apes.Dawn of the Planet of the Apes was released in the United States and Canada on July 11# 2014 and was met with positive reception# with critics praising its visual effects# story# direction# acting and emotional depth. It was also a box office success# having grossed over $710 million worldwide# and received an Academy Award nomination for Best Visual Effects. A third installment# titled War for the Planet of the Apes# is set to be released on July 14# 2017.,https://upload.wikimedia.org/wikipedia/en/7/77/Dawn_of_the_Planet_of_the_Apes.jpg,26-06-2014,Matt Reeves,-,-,English,190,8.6,Action
The Imitation Game,The Imitation Game is a 2014 American historical drama thriller film directed by Morten Tyldum# with a screenplay by Graham Moore loosely based on the biography Alan Turing: The Enigma by Andrew Hodges (previously adapted as the stage play and BBC drama Breaking the Code).,https://upload.wikimedia.org/wikipedia/en/5/5e/The_Imitation_Game_poster.jpg,29-08-2014,Morten Tyldum,Graham Moore,-,English,108,8.8,Tragedy
22 Jump Street,22 Jump Street is a 2014 American action comedy film directed by Phil Lord and Christopher Miller# written by Jonah Hill# Michael Bacall# Oren Uziel and Rodney Rothman and produced by and starring Hill and Channing Tatum. It is the sequel to the 2012 film 21 Jump Street# based on the television series of the same name. The film was released on June 13# 2014# by Columbia Pictures and Metro-Goldwyn-Mayer. The film received positive reviews and earned over $331 million at the box office.A crossover with Men in Black# MIB 23# is in development# with Lord and Miller acting as producers# and James Bobin acting as the director. The crossover will replace a 23 Jump Street film.,https://upload.wikimedia.org/wikipedia/en/1/1d/22_Jump_Street_Poster.png,04-06-2014,-,-,-,English,187,8.5,Tragedy
The Grand Budapest Hotel,The Grand Budapest Hotel is a 2014 comedy film written and directed by Wes Anderson# from a story by Anderson and Hugo Guinness# inspired by the writings of Stefan Zweig. It stars Ralph Fiennes as a concierge who teams up with one of his employees (Tony Revolori) to prove his innocence after he is framed for murder.The film is an American-German-British co-production that was financed by German financial companies and film-funding organizations. It was filmed in Germany. The Grand Budapest Hotel was released to widespread acclaim from film critics# and many included it in their year-end top 10 lists. The film led the BAFTA nominations# with 11 nominations# more than any other film# including Best Film and Best Director for Anderson# and Best Actor for Fiennes. The film won the Golden Globe Award for Best Motion Picture  €“ Musical or Comedy and garnered three more Golden Globe Award nominations# including Best Director for Anderson. It also garnered nine Academy Award nominations# the joint most (with Birdman) for the ceremony# including Best Picture and Best Director.,https://upload.wikimedia.org/wikipedia/en/a/a6/The_Grand_Budapest_Hotel_Poster.jpg,10-06-2016,Wes Anderson,-,-,English,194,8.9,Romance
Penguins of Madagascar,Penguins of Madagascar is a 2014 American 3D computer-animated action comedy adventure film# produced by DreamWorks Animation and distributed by 20th Century Fox. It is a spin-off of the Madagascar film series# and takes place right after the events of Madagascar 3: Europe's Most Wanted# following the penguins Skipper# Kowalski# Rico and Private in their own adventure. Apart from the main characters# it is unrelated to the similarly named TV series.The film was directed by Simon J. Smith and Eric Darnell# and written by Michael Colton# John Aboud# and Brandon Sawyer. It stars the voices of Tom McGrath# Chris Miller# Conrad Vernon# Christopher Knights# Benedict Cumberbatch# John Malkovich# and Ken Jeong. The film was released on November 26# 2014. It is the only film in the Madagascar franchise that was distributed by 20th Century Fox and was the final film produced by Pacific Data Images before its closure on January 22# 2015. Despite earning $373 million on a $132 million budget# the film forced a write-down for the studio.,https://upload.wikimedia.org/wikipedia/en/5/5f/Penguins_of_Madagascar_poster.jpg,14-11-2014,-,-,-,English,101,6.8,Thriller
Forrest Gump,Forrest Gump is a 1994 American comedy-drama film based on the 1986 novel of the same name by Winston Groom. The film was directed by Robert Zemeckis and stars Tom Hanks# Robin Wright# Gary Sinise# Mykelti Williamson# and Sally Field. The story depicts several decades in the life of Forrest Gump# a slow-witted but kind-hearted# good-natured and athletically prodigious man from Alabama who witnesses# and in some cases influences# some of the defining events of the latter half of the 20th century in the United States; more specifically# the period between Forrest's birth in 1944 and 1982. The film differs substantially from Winston Groom's novel# including Gump's personality and several events that were depicted.Principal photography took place in late 1993# mainly in Georgia# North Carolina# and South Carolina. Extensive visual effects were used to incorporate the protagonist into archived footage and to develop other scenes. A comprehensive soundtrack was featured in the film# using music intended to pinpoint specific time periods portrayed on screen. Its commercial release made it a top-selling soundtrack# selling over twelve million copies worldwide.,https://upload.wikimedia.org/wikipedia/en/6/67/Forrest_Gump_poster.jpg,23-06-1994,Robert Zemeckis,-,-,English,194,8.7,Action
The Godfather,The Godfather is a 1972 American crime film directed by Francis Ford Coppola and produced by Albert S. Ruddy# based on Mario Puzo's best-selling novel of the same name. It stars Marlon Brando and Al Pacino as the leaders of a fictional New York crime family. The story# spanning 1945 to 1955# chronicles the family under the patriarch Vito Corleone# focusing on the transformation of Michael Corleone (Pacino) from reluctant family outsider to ruthless Mafia boss.Paramount Pictures obtained the rights to the novel before it gained popularity for the price of $80#000. Studio executives had trouble finding a director# as their first few candidates turned down the position. They and Coppola disagreed over who would play several characters# in particular Vito and Michael. Filming was done on location and completed earlier than scheduled. The musical score was composed primarily by Nino Rota with additional pieces by Carmine Coppola.,https://upload.wikimedia.org/wikipedia/en/1/1c/Godfather_ver1.jpg,15-03-1972,Francis Ford Coppola,-,Albert S. Ruddy,English,160,9,Thriller
Goodfellas,Goodfellas (stylized as GoodFellas) is a 1990 American biographical crime film directed by Martin Scorsese. It is a film adaptation of the 1986 non-fiction book Wiseguy by Nicholas Pileggi# who co-wrote the screenplay with Scorsese. The film narrates the rise and fall of mob associate Henry Hill (the first-person narrator in the film) and his friends over a period from 1955 to 1980.Scorsese initially named the film Wise Guy and postponed making it; later# he and Pileggi changed the name to Goodfellas. To prepare for their roles in the film# Robert De Niro# Joe Pesci# and Ray Liotta often spoke with Pileggi# who shared research material left over from writing the book. According to Pesci# improvisation and ad-libbing came out of rehearsals wherein Scorsese gave the actors freedom to do whatever they wanted. The director made transcripts of these sessions# took the lines he liked best# and put them into a revised script# which the cast worked from during principal photography.Made on a budget of $25 million# Goodfellas grossed $46.8 million domestically.,https://upload.wikimedia.org/wikipedia/en/7/7b/Goodfellas.jpg,19-09-1990,Martin Scorsese,-,Irwin Winkler,English,144,6.6,Romance
Inception,Inception is a 2010 science fiction heist thriller film written# co-produced# and directed by Christopher Nolan# and co-produced by Emma Thomas. The film stars Leonardo DiCaprio as a professional thief who steals information by infiltrating the subconscious# and is offered a chance to have his criminal history erased as payment for a task seemingly-impossible:  inception # the implantation of another person's idea into a target's subconscious. The ensemble cast additionally includes Ellen Page# Joseph Gordon-Levitt# Marion Cotillard# Ken Watanabe# Tom Hardy# Dileep Rao# Cillian Murphy# Tom Berenger# and Michael Caine.After the 2002 completion of Insomnia# Nolan presented to Warner Bros. a written 80-page treatment about a horror film envisioning  dream stealers  based on lucid dreaming. Emphasizing on professional-scale experience# Nolan retired the project and instead worked on 2005's Batman Begins# 2006's The Prestige# and The Dark Knight in 2008. The treatment was revised over 6 months and was purchased by Warner in February 2009. Inception was filmed in six countries# beginning in Tokyo in June 19 and ending in Canada in November 22.,https://upload.wikimedia.org/wikipedia/en/2/2e/Inception_%282010%29_theatrical_poster.jpg,29-07-2016,Christopher Nolan,Christopher Nolan,-,English,138,9.6,Comedy
The Shawshank Redemption,The Shawshank Redemption is a 1994 American drama film written and directed by Frank Darabont# and starring Tim Robbins and Morgan Freeman. Adapted from the Stephen King novella Rita Hayworth and Shawshank Redemption# the film tells the story of Andy Dufresne# a banker who is sentenced to life in Shawshank State Penitentiary for the murder of his wife and her lover# despite his claims of innocence. During his time at the prison# he befriends a fellow inmate# Ellis Boyd  Red  Redding# and finds himself protected by the guards after the warden begins using him in his money-laundering operation.Although the film was a box office disappointment# it received multiple award nominations (including seven Oscar nominations) and highly positive reviews from critics for its acting# story# and realism. It is now considered to be one of the greatest films of the 1990s. It has since been successful on cable television# VHS# DVD# and Blu-ray. It was included in the American Film Institute's 100 Years...100 Movies (10th Anniversary Edition).In 2015# the United States Library of Congress selected the film for preservation in the National Film Registry# finding it  culturally# historically# or aesthetically significant .,https://upload.wikimedia.org/wikipedia/en/8/81/ShawshankRedemptionMoviePoster.jpg,10-09-1994,Frank Darabont,-,Niki Marvin,English,137,7.7,Romance
Fight Club,Fight Club is a 1999 American film based on the 1996 novel of the same name by Chuck Palahniuk. The film was directed by David Fincher# and stars Brad Pitt# Edward Norton and Helena Bonham Carter. Norton plays the unnamed protagonist# an  everyman  who is discontented with his white-collar job. He forms a  fight club  with soap maker Tyler Durden# played by Pitt# and they are joined by men who also want to fight recreationally. The narrator becomes embroiled in a relationship with Durden and a dissolute woman# Marla Singer# played by Bonham Carter.Palahniuk's novel was optioned by 20th Century Fox producer Laura Ziskin# who hired Jim Uhls to write the film adaptation. Fincher was one of four directors the producers considered# and was selected because of his enthusiasm for the film. Fincher developed the script with Uhls and sought screenwriting advice from the cast and others in the film industry.,https://upload.wikimedia.org/wikipedia/en/f/fc/Fight_Club_poster.jpg,11-07-2014,David Fincher,-,-,English,111,7.9,Romance
The Matrix,The Matrix is a 1999 American-Australian science fiction action film written and directed by The Wachowskis# starring Keanu Reeves# Laurence Fishburne# Carrie-Anne Moss# Hugo Weaving# and Joe Pantoliano. It depicts a dystopian future in which reality as perceived by most humans is actually a simulated reality called  the Matrix # created by sentient machines to subdue the human population# while their bodies' heat and electrical activity are used as an energy source. Computer programmer  Neo  learns this truth and is drawn into a rebellion against the machines# which involves other people who have been freed from the  dream world .The Matrix is known for popularizing a visual effect known as  bullet time # in which the heightened perception of certain characters is represented by allowing the action within a shot to progress in slow-motion while the camera's viewpoint appears to move through the scene at normal speed. The film is an example of the cyberpunk science fiction genre. It contains numerous references to philosophical and religious ideas# and prominently pays homage to works such as Plato's Allegory of the Cave# Jean Baudrillard's Simulacra and Simulation and Lewis Carroll's Alice's Adventures in Wonderland. The Wachowskis' approach to action scenes drew upon their admiration for Japanese animation and martial arts films# and the film's use of fight choreographers and wire fu techniques from Hong Kong action cinema was influential upon subsequent Hollywood action film productions.The Matrix was first released in the United States on March 31# 1999# and grossed over $460 million worldwide.,https://upload.wikimedia.org/wikipedia/en/c/c1/The_Matrix_Poster.jpg,26-11-2014,The Wachowski Brothers,The Wachowski Brothers,Joel Silver,English,169,8.5,Thriller
Back to the Future,Back to the Future is a 1985 American science fiction adventure comedy film directed by Robert Zemeckis and written by Zemeckis and Bob Gale. It stars Michael J. Fox as teenager Marty McFly# who is sent back in time to 1955# where he meets his future parents in high school and accidentally becomes his mother's romantic interest. Christopher Lloyd portrays the eccentric scientist Dr. Emmett  Doc  Brown# Marty's friend who helps him repair the damage to history by advising Marty how to cause his parents to fall in love. Marty and Doc must also find a way to return Marty to 1985.Zemeckis and Gale wrote the script after Gale mused upon whether he would have befriended his father if they had attended school together. Various film studios rejected the script until the financial success of Zemeckis' Romancing the Stone. Zemeckis approached Steven Spielberg# who agreed to produce the project at Amblin Entertainment# with Universal Pictures as distributor.,https://upload.wikimedia.org/wikipedia/en/d/d2/Back_to_the_Future.jpg,03-07-1985,Robert Zemeckis,-,-,English,104,9.2,Thriller
The Graduate,The Graduate is a 1967 American comedy-drama film directed by Mike Nichols. It is based on the 1963 novel The Graduate by Charles Webb# who wrote it shortly after graduating from Williams College. The screenplay is by Calder Willingham and Buck Henry# who appears in the film as a hotel clerk.The film tells the story of 21-year-old Benjamin Braddock (Dustin Hoffman)# a recent college graduate with no well-defined aim in life# who is seduced by an older woman# Mrs. Robinson (Anne Bancroft)# and then proceeds to fall in love with her daughter Elaine (Katharine Ross).In 1996# The Graduate was selected for preservation in the U.S. National Film Registry as being  culturally# historically# or aesthetically significant.  Initially# the film was placed at number 7 on AFI's 100 Years... 100 Movies list in 1998. When AFI revised the list in 2007# the film was moved to number 17.,https://upload.wikimedia.org/wikipedia/en/8/8b/Graduateposter67.jpg,13-06-2014,Mike Nichols,-,Lawrence Turman,English,188,9.2,Thriller
Saving Private Ryan,Saving Private Ryan is a 1998 American epic war drama film set during the Invasion of Normandy in World War II. Directed by Steven Spielberg and written by Robert Rodat# the film is notable for its graphic portrayal of war# and for the intensity of its opening 27 minutes# which includes a depiction of the Omaha Beach assault of June 6# 1944. It follows United States Army Rangers Captain John H. Miller (Tom Hanks) and a squad (Tom Sizemore# Edward Burns# Barry Pepper# Giovanni Ribisi# Vin Diesel# Adam Goldberg# and Jeremy Davies) as they search for a paratrooper# Private First Class James Francis Ryan (Matt Damon)# who is the last-surviving brother of four servicemen.The film received universal critical acclaim# winning several awards for film# cast# and crew# as well as earning significant returns at the box office. The film grossed US$481.8 million worldwide# making it the second highest-grossing film of the year. The Academy of Motion Picture Arts and Sciences nominated the film for 11 Academy Awards; Spielberg's direction won him a second Academy Award for Best Director# with four more awards going to the film. Saving Private Ryan was released on home video in May 1999# earning another $44 million from sales.,https://upload.wikimedia.org/wikipedia/en/a/ac/Saving_Private_Ryan_poster.jpg,06-07-1994,Steven Spielberg,Robert Rodat,-,English,143,7.2,Thriller
The Bridge on the River Kwai,The Bridge on the River Kwai is a 1957 British-American epic war film directed by David Lean and starring William Holden# Jack Hawkins# Alec Guinness# and Sessue Hayakawa. Based on the novel Le Pont de la RiviÃ¨re Kwai (1952) by Pierre Boulle# the film is a work of fiction# but borrows the construction of the Burma Railway in 1942 €“43 for its historical setting. The movie was filmed in Ceylon (now known as Sri Lanka). The bridge in the film was near Kitulgala.Carl Foreman was the initial screenwriter# but Lean replaced him with Michael Wilson. Both writers had to work in secret# as they were on the Hollywood blacklist and had fled to England in order to continue working. As a result# Boulle (who did not speak English) was credited and received the Academy Award for Best Adapted Screenplay; many years later# Foreman and Wilson posthumously received the Academy Award.The film was widely praised# winning seven Academy Awards (including Best Picture) at the 30th Academy Awards.,https://upload.wikimedia.org/wikipedia/en/f/f2/The_Bridge_on_the_River_Kwai_poster.jpg,23-09-1994,David Lean,-,Sam Spiegel,English,103,8.6,Tragedy
Citizen Kane,Citizen Kane is a 1941 American mystery drama film by Orson Welles# its producer# co-author# director and star. The picture was Welles's first feature film. Nominated for Academy Awards in nine categories# it won an Academy Award for Best Writing (Original Screenplay) by Herman J. Mankiewicz and Welles. Considered by many critics# filmmakers# and fans to be the greatest film of all time# Citizen Kane was voted as such in five consecutive Sight & Sound polls of critics# until it was displaced by Vertigo in the 2012 poll. It topped the American Film Institute's 100 Years ... 100 Movies list in 1998# as well as its 2007 update. Citizen Kane is particularly praised for its cinematography# music# and narrative structure# which were innovative for its time.The quasi-biographical film examines the life and legacy of Charles Foster Kane# played by Welles# a character based in part upon the American newspaper magnate William Randolph Hearst# Chicago tycoons Samuel Insull and Harold McCormick# and aspects of Welles's own life.,https://upload.wikimedia.org/wikipedia/en/c/ce/Citizenkane.jpg,01-05-1941,Orson Welles,-,Orson Welles,English,115,8,Romance
On the Waterfront,On the Waterfront is a 1954 American crime drama film with elements of film noir. The film was directed by Elia Kazan and written by Budd Schulberg. It stars Marlon Brando and features Karl Malden# Lee J. Cobb# Rod Steiger# Pat Henning# and# in her film debut# Eva Marie Saint. The soundtrack score was composed by Leonard Bernstein. The film was suggested by  Crime on the Waterfront  by Malcolm Johnson# a series of articles published in November-December 1948 in the New York Sun which won the 1949 Pulitzer Prize for Local Reporting# but the screenplay by Budd Schulberg is directly based on his own original story. The film focuses on union violence and corruption amongst longshoremen while detailing widespread corruption# extortion# and racketeering on the waterfronts of Hoboken# New Jersey.On the Waterfront was a critical and commercial success and received twelve Academy Award nominations# winning eight# including Best Picture# Best Actor for Brando# Best Supporting Actress for Saint# and Best Director for Kazan. In 1997 it was ranked by the American Film Institute as the eighth-greatest American movie of all time and in AFI's 2007 list it was ranked 19th.,https://upload.wikimedia.org/wikipedia/en/9/93/On_the_Waterfront_original_poster.jpg,28-07-1954,Elia Kazan,-,Sam Spiegel,English,111,6.7,Romance
The Departed,The Departed is a 2006 American crime drama film directed by Martin Scorsese and written by William Monahan. It is a remake of the 2002 Hong Kong film Infernal Affairs. The film stars Leonardo DiCaprio# Matt Damon# Jack Nicholson# and Mark Wahlberg# with Martin Sheen# Ray Winstone# Vera Farmiga# Anthony Anderson# and Alec Baldwin in supporting roles.The film takes place in Boston. Irish Mob boss Francis  Frank  Costello (Jack Nicholson) plants Colin Sullivan (Matt Damon) as a mole within the Massachusetts State Police; the two characters are loosely based on famous gangster Whitey Bulger and corrupt FBI agent John Connolly# who grew up with Bulger. Simultaneously# the police assign undercover state trooper William  Billy  Costigan (Leonardo DiCaprio) to infiltrate Costello's crew. When both sides realize the situation# Sullivan and Costigan both attempt to discover the other's identity before their covers are blown.The film was a critical and commercial success and won several awards# including four Oscars at the 79th Academy Awards: Best Picture# Best Director (Scorsese)# Best Adapted Screenplay# and Best Film Editing.,https://upload.wikimedia.org/wikipedia/en/5/50/Departed234.jpg,26-09-2006,Martin Scorsese,-,-,English,100,6.9,Action
There Will Be Blood,There Will Be Blood is a 2007 American epic historical drama film written and directed by Paul Thomas Anderson and starring Daniel Day-Lewis and Paul Dano. The film was inspired by Upton Sinclair's novel Oil! It tells the story of a silver miner-turned-oilman (Day-Lewis) on a ruthless quest for wealth during Southern California's oil boom of the late 19th and early 20th centuries. Kevin J. O'Connor# CiarÃ¡n Hinds# and Dillon Freasier are also featured in the film.The film received significant critical praise upon release as well as numerous awards and nominations. It premiered at the Berlin International Film Festival# where it won the Silver Bear Award for Best Director and a Special Artistic Contribution Award for Jonny Greenwood's score. It also appeared on many critics'  top ten  lists for the year# notably the American Film Institute# the National Society of Film Critics# the National Board of Review# and the Los Angeles Film Critics Association. Day-Lewis won Oscar# BAFTA# Golden Globe# Screen Actors Guild# NYFCC and IFTA Best Actor awards for his performance# cementing his position as one of the most acclaimed actors of his generation.,https://upload.wikimedia.org/wikipedia/en/d/da/There_Will_Be_Blood_Poster.jpg,24-03-1972,Paul Thomas Anderson,-,-,-,163,6.7,Action
Requiem for a Dream,Requiem for a Dream is a 2000 American psychological drama film directed by Darren Aronofsky and starring Ellen Burstyn# Jared Leto# Jennifer Connelly# and Marlon Wayans. The film is based on the novel of the same name by Hubert Selby# Jr.# with whom Aronofsky wrote the screenplay. Burstyn was nominated for an Academy Award for Best Actress for her performance. The film was screened out of competition at the 2000 Cannes Film Festival.The film depicts four different forms of drug addiction# which lead to the characters €™ imprisonment in a world of delusion and reckless desperation that is subsequently overtaken by reality# thus leaving them as hollow shells of their former selves.,https://upload.wikimedia.org/wikipedia/en/9/92/Requiem_for_a_dream.jpg,14-05-2000,Darren Aronofsky,-,-,English,108,9.6,Tragedy
Almost Famous,Almost Famous is a 2000 American comedy-drama film written and directed by Cameron Crowe# and starring Billy Crudup# Kate Hudson and Patrick Fugit. It tells the fictional story of a teenage journalist writing for Rolling Stone magazine in the early 1970s while covering the fictitious rock band Stillwater# and his efforts to get his first cover story published. The film is semi-autobiographical# as Crowe himself was a teenage writer for Rolling Stone.The film is based on Crowe's experiences touring with rock bands Poco# The Allman Brothers Band# Led Zeppelin# the Eagles# and Lynyrd Skynyrd. Crowe has discussed how during this period he lost his virginity# fell in love# and met his heroes €”experiences that are shared by William Miller (Patrick Fugit)# the boyish main character of the film.It received four Oscar nominations# one of which led to an award to Crowe for his screenplay. It was also awarded the 2001 Grammy Award for Best Compilation Soundtrack Album for a Motion Picture# Television or Other Visual Media. Roger Ebert hailed it the best film of the year# and also the 9th best film of the 2000s.,https://upload.wikimedia.org/wikipedia/en/d/dd/Almost_famous_poster1.jpg,14-05-2000,Cameron Crowe,Cameron Crowe,Cameron Crowe,English,190,8.6,Comedy
Finding Nemo,Finding Nemo is a 2003 American computer-animated comedy-drama adventure film produced by Pixar Animation Studios and released by Walt Disney Pictures. Written and directed by Andrew Stanton with co-direction by Lee Unkrich# the film stars the voices of Albert Brooks# Ellen DeGeneres# Alexander Gould# and Willem Dafoe. It tells the story of the overprotective Ocellaris clownfish named Marlin who# along with a regal blue tang named Dory# searches for his abducted son Nemo all the way to Sydney Harbour. Along the way# Marlin learns to take risks and comes to terms with Nemo taking care of himself.Finding Nemo was released on May 30# 2003# and has received universal critical acclaim since then. The film won the Academy Award for Best Animated Feature# and was nominated in three more categories# including Best Original Screenplay. Finding Nemo became the highest-grossing animated film at the time and was the second highest-grossing film of 2003# earning a total of $871 million worldwide by the end of its initial theatrical run.The film is the best-selling DVD title of all time# with over 40 million copies sold as of 2006# and was the highest-grossing G-rated film of all time before Pixar's own Toy Story 3 overtook it.,https://upload.wikimedia.org/wikipedia/en/2/29/Finding_Nemo.jpg,30-05-2003,Andrew Stanton,-,Graham Walters,English,175,9.6,Romance
The Hurt Locker,The Hurt Locker is a 2009 American war film about an Iraq War Explosive Ordinance Disposal team who are being targeted by insurgents with booby traps# remote control detonations and ambushes. Directed by Kathryn Bigelow# it received critical acclaim and won six Academy Awards# including Best Picture. Bigelow won the award for Best Director; as of 2016# The Hurt Locker is the sole film by a female director to win in either category. It is also the lowest-grossing Best Picture winner in history.The Hurt Locker shows soldiers' varying psychological reactions to the stress of combat# which though intolerable to some# is addictive to others. The story unfolds after a staff sergeant is killed by an insurgent trap and an apparently calm veteran is brought in to head the squad. His comrades suspect that their new team leader is being driven to take terrifying risks. Writer Mark Boal drew on his experience during embedded access to provide an authentic background for the production# although certain army procedures were portrayed with artistic licence.,https://upload.wikimedia.org/wikipedia/en/6/6c/HLposterUSA2.jpg,05-09-1941,Kathryn Bigelow,Mark Boal,-,English,139,7.3,Action
Shrek,Shrek is a 2001 American computer-animated fantasy-comedy film directed by Andrew Adamson and Vicky Jenson at their directorial debut. It features the voices of Mike Myers# Eddie Murphy# Cameron Diaz# and John Lithgow. It is loosely based on William Steig's 1990 fairy tale picture book Shrek!# and somewhat serves as a parody film# targeting other films adapted from numerous children's fantasies (mainly animated Disney films). The film's soundtrack includes music by Smash Mouth# Eels# Joan Jett# The Proclaimers# Jason Wade# Baha Men# and John Cale (covering Leonard Cohen).The rights to the books were originally bought by Steven Spielberg in 1991# before the founding of DreamWorks# when he thought about making a traditionally animated film based on the book. However# John H. Williams convinced him to bring the film to DreamWorks in 1994# the time the studio was founded# and the film was put quickly into active development by Jeffrey Katzenberg after the rights were bought by the studio in 1995. Shrek originally cast Chris Farley to do the voice for the title character# recording about 80% €“90% of his dialogue. After Farley died in 1997 before he could finish# Mike Myers was brought in to work for the character# who after his first recording decided to record his voice in a Scottish accent.,https://upload.wikimedia.org/wikipedia/en/3/39/Shrek.jpg,22-04-2001,-,-,-,English,180,7.8,Thriller
The Incredibles,The Incredibles is a 2004 American computer-animated superhero film written and directed by Brad Bird# produced by Pixar Animation Studios# and released by Walt Disney Pictures. The film follows a family of superheroes who are forced to hide their powers and live a quiet suburban life. Mr. Incredible's desire to help people draws the entire family into a battle with a villain and his killer robot.Bird# who was Pixar's first outside director# developed the film as an extension of 1960s comic books and spy films from his boyhood and personal family life. He pitched the film to Pixar after the box office disappointment of his first feature# The Iron Giant (1999)# and carried over much of its staff to develop The Incredibles. The animation team was tasked with animating an all-human cast# which required creating new technology to animate detailed human anatomy# clothing and realistic skin and hair. Michael Giacchino composed the film's orchestral score.,https://upload.wikimedia.org/wikipedia/en/e/ec/The_Incredibles.jpg,06-10-2006,Brad Bird,Brad Bird,John Walker,English,126,8.1,Romance
Chicken Run,Chicken Run is a 2000 stop-motion comedy-drama film produced by the British studio Aardman Animations. As the studio's first feature-length film# it was directed by Peter Lord and Nick Park. It was co-financed by DreamWorks Pictures and PathÃ©# with the former distributing the film worldwide except for Europe# where it was handled by PathÃ©. The plot centres on a band of chickens who see a smooth-talking Rhode Island Red named Rocky as their only hope to escape from certain death when the owners of their farm decide to move from selling eggs to selling chicken pot pies. The film features the voices of Julia Sawalha# Mel Gibson# Timothy Spall# Phil Daniels# Tony Haygarth# and Miranda Richardson. Chicken Run received positive reviews from critics# and grossed over $224 million# becoming the highest-grossing stop motion animated film ever.,https://upload.wikimedia.org/wikipedia/en/0/00/Chicken_run_ver1.jpg,27-10-2000,-,-,-,English,115,9.1,Thriller
Batman Begins,Batman Begins is a 2005 British-American epic superhero film based on the fictional DC Comics character Batman# co-written and directed by Christopher Nolan and starring Christian Bale# Michael Caine# Gary Oldman# Liam Neeson# Katie Holmes# Cillian Murphy# Tom Wilkinson# Rutger Hauer# Ken Watanabe# and Morgan Freeman. The film reboots the Batman film series# telling the origin story of the title character (Bale)# from his alter ego Bruce Wayne's initial fear of bats# the death of his parents# his journey to become Batman# and his fight to stop Ra's al Ghul (Neeson) and the Scarecrow (Murphy) from plunging Gotham City into chaos. It draws inspiration from classic comic book storylines such as The Man Who Falls# Batman: Year One# and Batman: The Long Halloween.After a series of unsuccessful projects to resurrect Batman on screen following the critical failure and box office disappointment of Batman & Robin (1997)# Nolan and David S. Goyer began to work on the film in early 2003 and aimed for a darker and more realistic tone# with humanity and realism being the basis of the film. The goal was to get the audience to care for both Batman and Bruce Wayne. The film# which was primarily shot in Iceland and Chicago# relied on traditional stunts and miniatures# while computer-generated imagery was used minimally.Batman Begins opened on June 15# 2005# in the United States and Canada in 3#858 theaters. It grossed over $48 million in its opening weekend in North America# eventually grossing over $374 million worldwide.,https://upload.wikimedia.org/wikipedia/en/a/af/Batman_Begins_Poster.jpg,27-10-2000,Christopher Nolan,-,-,English,100,9,Action
Batman Begins,Batman Begins is a 2005 British-American epic superhero film based on the fictional DC Comics character Batman# co-written and directed by Christopher Nolan and starring Christian Bale# Michael Caine# Gary Oldman# Liam Neeson# Katie Holmes# Cillian Murphy# Tom Wilkinson# Rutger Hauer# Ken Watanabe# and Morgan Freeman. The film reboots the Batman film series# telling the origin story of the title character (Bale)# from his alter ego Bruce Wayne's initial fear of bats# the death of his parents# his journey to become Batman# and his fight to stop Ra's al Ghul (Neeson) and the Scarecrow (Murphy) from plunging Gotham City into chaos. It draws inspiration from classic comic book storylines such as The Man Who Falls# Batman: Year One# and Batman: The Long Halloween.After a series of unsuccessful projects to resurrect Batman on screen following the critical failure and box office disappointment of Batman & Robin (1997)# Nolan and David S. Goyer began to work on the film in early 2003 and aimed for a darker and more realistic tone# with humanity and realism being the basis of the film. The goal was to get the audience to care for both Batman and Bruce Wayne. The film# which was primarily shot in Iceland and Chicago# relied on traditional stunts and miniatures# while computer-generated imagery was used minimally.Batman Begins opened on June 15# 2005# in the United States and Canada in 3#858 theaters. It grossed over $48 million in its opening weekend in North America# eventually grossing over $374 million worldwide.,https://upload.wikimedia.org/wikipedia/en/a/af/Batman_Begins_Poster.jpg,18-11-2005,Christopher Nolan,-,-,English,115,6.5,Comedy
Walk the Line,Walk the Line is a 2005 American musical-biographical drama film directed by James Mangold and based on the early life and career of country music artist Johnny Cash. The film stars Joaquin Phoenix# Reese Witherspoon# Ginnifer Goodwin# and Robert Patrick.The film focuses on Cash's early life# his romance with June Carter# and his ascent to the country music scene# as based on his autobiographies. The screenplay was written by Mangold and Gill Dennis. The film's production budget is estimated to have been US$28 million.Walk the Line previewed at the Telluride Film Festival on September 4# 2005# and went into wide release on November 18. The film was nominated for five Oscars at the 78th Academy Awards# including Best Actor (Phoenix)# Best Actress (Witherspoon# which she won)# and Best Costume Design (Arianne Phillips). The film grossed more than $186 million worldwide.,https://upload.wikimedia.org/wikipedia/en/5/5a/Walk_the_line_poster.jpg,04-09-2005,James Mangold,Gill Dennis,James Keach,English,193,7.7,Romance
Apocalypto,Apocalypto is a 2006 American epic adventure film directed and produced by Mel Gibson. It was written by Gibson and Farhad Safinia. The film features a cast of Indigenous Mexican and Native American actors consisting of Rudy Youngblood# Raoul Trujillo# Mayra SÃ©rbulo# Dalia HernÃ¡ndez# Ian Uriel# Gerardo Taracena# Rodolfo Palacios# Bernardo Ruiz Juarez# Ammel Rodrigo Mendoza# Ricardo Diaz Mendoza# and Israel Contreras. Similar to Gibson's earlier film The Passion of the Christ# all dialogue is in a modern approximation of the ancient language of the setting. Here the Yucatec Maya language is used# with English and other language subtitles (which sometimes refer to the language as Mayan).Set in pre-Columbian Yucatan and Guatemala around the year 1511# Apocalypto depicts the journey of a Meso-American tribesman who must escape human sacrifice and rescue his family after the capture and destruction of his village at a time when the Mayan civilization is about to come to an end.,https://upload.wikimedia.org/wikipedia/en/6/62/Apocalypto-poster01.jpg,08-12-2006,Mel Gibson,-,-,Mayan,92,8.5,Romance
Shrek the Third,Shrek the Third is a 2007 American computer-animated fantasy comedy film# and the third installment in the Shrek franchise. Like the first two Shrek films# the film is based on fairy tale themes. It was produced by DreamWorks Animation and is the first in the series to be distributed by Paramount Pictures1 which acquired DreamWorks Pictures in 2006 (the former parent of DWA). Chris Miller and Raman Hui directed the film# with the former also co-writing the screenplay with Jeffrey Price# Peter S. Seaman# and Aron Warner. Harry Gregson-Williams composed the original music for the film.The story takes place eight months after the marriage of Shrek and Fiona in the first film. Reluctantly reigning over the kingdom of Far# Far Away# Shrek sets out to find the next heir to the throne €”Fiona's cousin Artie# while Prince Charming is plotting to overthrow Shrek and become king. In addition to Mike Myers# Eddie Murphy# Cameron Diaz# Antonio Banderas# Rupert Everett# Julie Andrews# and John Cleese# who reprised their roles from Shrek 2# the film also features Justin Timberlake in the role of Arthur Pendragon and Eric Idle as Merlin.,https://upload.wikimedia.org/wikipedia/en/0/01/Shrek_the_third_ver2.jpg,18-05-2001,-,-,-,English,170,8.9,Comedy
Knocked Up,Knocked Up is a 2007 American romantic comedy film written# directed and co-produced by Judd Apatow. The film stars Seth Rogen# Katherine Heigl# Paul Rudd# and Leslie Mann. It follows the repercussions of a drunken one-night stand between a slacker and a just-promoted media personality that results in an unintended pregnancy. The film was released on June 1# 2007# and a spin-off sequel# This Is 40# was released in 2012.,https://upload.wikimedia.org/wikipedia/en/5/51/Knockedupmp.jpg,01-06-2007,Judd Apatow,Judd Apatow,-,English,145,7.7,Tragedy
The Simpsons Movie,The Simpsons Movie is a 2007 American animated comedy film based on the Fox television series The Simpsons. The film was directed by David Silverman# and stars the regular television cast of Dan Castellaneta# Julie Kavner# Nancy Cartwright# Yeardley Smith# Hank Azaria# Harry Shearer# Tress MacNeille# Pamela Hayden# Marcia Wallace# and Russi Taylor with guest appearances by Tom Hanks# Green Day# and Albert Brooks. The plot follows Homer Simpson# whose irresponsibility gets the better of him when he pollutes the lake in Springfield after the town cleans it up when they had received a warning from the EPA. As the townspeople exile him and eventually his family abandons him# Homer works to redeem his folly by stopping Russ Cargill# the head of the EPA# when he intends to destroy Springfield.Previous attempts to create a The Simpsons film failed due to the lack of a script of appropriate length and production crew members. Eventually# producers James L. Brooks# Matt Groening# Al Jean# Richard Sakai# and Mike Scully began development of the film in 2001. A writing team consisting of Brooks# Groening# Jean# Scully# Ian Maxtone-Graham# George Meyer# David Mirkin# Mike Reiss# Matt Selman# John Swartzwelder# and Jon Vitti was assembled. They conceived numerous plot ideas# with Groening's being the one developed into a film. The script was re-written over a hundred times# and this creativity continued after the animation had begun in 2006.,https://upload.wikimedia.org/wikipedia/en/a/a0/Simpsons_final_poster.png,21-07-2007,David Silverman,-,-,English,131,6.9,Action
Gone Baby Gone,Gone Baby Gone is a 2007 American neo-noir mystery film directed by Ben Affleck (in his feature-length directorial debut) and starring his brother Casey Affleck. The screenplay by Ben Affleck and Aaron Stockard is based on the novel of the same name by Dennis Lehane# author of Mystic River and Shutter Island. The plot centers on two private investigators# Patrick Kenzie and Angie Gennaro# hunting for an abducted four-year-old girl from the Boston neighborhood of Dorchester.,https://upload.wikimedia.org/wikipedia/en/c/c1/Gone_baby_gone_poster.jpg,02-10-2009,Ben Affleck,-,-,English,93,9.4,Action
Zombieland,Zombieland is a 2009 American horror comedy film directed by Ruben Fleischer and written by Rhett Reese and Paul Wernick. The film stars Woody Harrelson# Jesse Eisenberg# Emma Stone and Abigail Breslin as survivors of a zombie apocalypse. The film follows geeky college kid making his way through the zombie apocalypse# meeting three strangers along the way and together taking an extended road trip across the Southwestern United States in an attempt to find a sanctuary free from zombies.Zombieland was a critical and commercial success# grossing more than $60.8 million in 17 days and surpassing the 2004 film Dawn of the Dead as the top-grossing zombie film in the United States until World War Z in 2013. A sequel is currently in development.,https://upload.wikimedia.org/wikipedia/en/a/a3/Zombieland-poster.jpg,25-09-2009,Ruben Fleischer,-,Gavin Polone,English,177,8.3,Thriller
The Princess and the Frog,The Princess and the Frog is a 2009 American animated musical romantic fantasy comedy-drama film produced by Walt Disney Animation Studios and released by Walt Disney Pictures. The 49th Disney animated feature film# the film is loosely based on the novel The Frog Princess by E. D. Baker# which is in turn based on the Brothers Grimm fairy tale  The Frog Prince . Written and directed by Ron Clements and John Musker# the film features an ensemble voice cast that stars Anika Noni Rose# Bruno Campos# Keith David# Michael-Leon Wooley# Jennifer Cody# and Jim Cummings# with Peter Bartlett# Jenifer Lewis# Oprah Winfrey# Terrence Howard# and John Goodman. Set in 1920s New Orleans# Louisiana# the film tells the story of a hardworking waitress named Tiana who dreams of owning her own restaurant. After kissing a prince who has been turned into a frog by an evil witch doctor# Tiana becomes a frog herself# and must find a way to turn back into a human before it is too late.The Princess and the Frog began production under the working title The Frog Princess. It marked Disney's return to traditional animation# as it was the studio's first traditionally animated film since Home on the Range (2004). Co-directors Ron Clements and John Musker# directors of Disney's highly successful films The Little Mermaid (1989) and Aladdin (1992)# returned to Disney to direct The Princess and the Frog.,https://upload.wikimedia.org/wikipedia/en/8/81/The_Princess_and_the_Frog_poster.jpg,27-07-2007,-,-,-,English,184,9.9,Thriller
Funny People,Funny People is a 2009 American comedy film written# produced and directed by Judd Apatow. It stars Adam Sandler# Seth Rogen and Leslie Mann# featuring Eric Bana# Jason Schwartzman# Jonah Hill and Aubrey Plaza.The film was released on July 31# 2009 and received generally positive reviews# with critics praising the script# the direction and the performances of Sandler and Rogen# although criticism was directed towards the film's excessive runtime.,https://upload.wikimedia.org/wikipedia/en/2/26/PosterFunnyPeople.jpg,20-07-2009,Judd Apatow,Judd Apatow,-,English,116,8.7,Tragedy
The Social Network,The Social Network is a 2010 American drama film directed by David Fincher and written by Aaron Sorkin. Adapted from Ben Mezrich's 2009 book The Accidental Billionaires: The Founding of Facebook# A Tale of Sex# Money# Genius# and Betrayal# the film portrays the founding of social networking website Facebook and the resulting lawsuits. It stars Jesse Eisenberg as founder Mark Zuckerberg# along with Andrew Garfield as Eduardo Saverin and Justin Timberlake as Sean Parker# the other principals involved in the website's creation. Neither Zuckerberg nor any other Facebook staff were involved with the project# although Saverin was a consultant for Mezrich's book. The film was released in the United States by Columbia Pictures on October 1# 2010.The Social Network received widespread acclaim# with critics praising its direction# screenplay# acting# editing and score. Although several people portrayed in the film criticized its historical inaccuracies# the film appeared on 78 critics' Top 10 lists for 2010; of those critics# 22 had the film in their number-one spot# the most of any film in its year. Rolling Stone's Peter Travers said  The Social Network is the movie of the year.,https://upload.wikimedia.org/wikipedia/en/7/7a/Social_network_film_poster.jpg,24-09-2010,David Fincher,-,-,English,149,7.8,Tragedy
Tangled,Tangled is a 2010 American 3D computer-animated musical fantasy-comedy film produced by Walt Disney Animation Studios and released by Walt Disney Pictures. Loosely based on the German fairy tale  Rapunzel  in the collection of folk tales published by the Brothers Grimm# it is the 50th Disney animated feature film. Featuring the voices of Mandy Moore and Zachary Levi# the film tells the story of a lost# young princess with long magical hair who yearns to leave her secluded tower. Against her mother's wishes# she accepts the aid of a handsome intruder to take her out into the world which she has never seen.Before the film's release# its title was changed from Rapunzel to Tangled# reportedly to market the film as gender-neutral. Tangled spent six years in production at a cost that has been estimated at $260 million# which if accurate# would make it the most expensive animated film ever made and the fifth most-expensive film of all time. The film employed a unique artistic style by blending together features of computer-generated imagery (CGI) and traditional animation while using non-photorealistic rendering to create the impression of a painting. Composer Alan Menken# who had worked on prior Disney animated features# returned to score Tangled.,https://upload.wikimedia.org/wikipedia/en/a/a8/Tangled_poster.jpg,14-11-2010,-,-,-,English,166,7.7,Romance
Despicable Me,Despicable Me is a 2010 American 3D computer-animated comedy film from Universal Pictures and Illumination Entertainment that was released on July 9# 2010 in the United States. It is Illumination Entertainment's first film. The film was animated by the French animation studio Mac Guff# which was later acquired by Illumination Entertainment. It was directed by Pierre Coffin and Chris Renaud as their feature debut film# with a story by Sergio Pablos. The film stars the voice of Steve Carell as Felonious Gru# a supervillain who adopts three girls (voiced by Miranda Cosgrove# Dana Gaier# and Elsie Fisher) from an orphanage; and the voice of Jason Segel as Vector# a rival of Gru who steals the Great Pyramid of Giza. When Gru learns of Vector's heist# he plans an even greater heist: to shrink and steal the Earth's moon.The film earned positive reviews from critics# and grossed over $543 million worldwide# against a budget of $69 million. It launched the Despicable Me franchise with a series of films# including the sequel Despicable Me 2 in 2013# and the prequel Minions released in 2015 and featuring Gru's Minions as the main characters.,https://upload.wikimedia.org/wikipedia/en/d/db/Despicable_Me_Poster.jpg,19-06-2010,Pierre Coffin,-,Chris Meledandri,English,175,6.9,Thriller
Megamind,Megamind is a 2010 American 3D computer-animated superhero comedy film directed by Tom McGrath# produced by DreamWorks Animation and distributed by Paramount Pictures.1 The film premiered on October 28# 2010 in Russia# while it was released in the United States in Digital 3D# IMAX 3D and 2D on November 5# 2010. It features the voices of Will Ferrell# Tina Fey# Jonah Hill# David Cross# and Brad Pitt.The film tells the story of a super-intelligent alien supervillain# Megamind# who after a long-lasting battle one day actually destroys his foe# the much-loved superhero Metro Man. Having Metro City for himself# Megamind finds out that his villainy has no purpose and thus creates a new superhero to serve as his nemesis. His plan backfires# as he ends up creating instead a new super-villain. With Metro City spiraling out of control# Megamind attempts to set things right and discovers his newfound purpose - as a superhero.Megamind received generally positive reviews from critics# praising its strong visuals and the cast's performances# but criticizing its unoriginality. With a budget of $130 million# the film grossed over $321 million worldwide# and despite being a moderate box office success# it became one of DreamWorks Animation's lowest-grossing CG animated films.,https://upload.wikimedia.org/wikipedia/en/8/89/Megamind2010Poster.jpg,28-10-2010,Tom McGrath,Alan J. Schoolcraft,Lara Breay,English,106,7.7,Thriller
Knight and Day,Knight and Day is a 2010 American action-comedy film starring Tom Cruise and Cameron Diaz. The film# directed by James Mangold# is Cruise and Diaz's second on-screen collaboration following the 2001 film Vanilla Sky.,https://upload.wikimedia.org/wikipedia/en/5/51/Knight_and_day_09.jpg,16-06-2010,James Mangold,Patrick O'Neill,Cathy Konrad,English,168,8.6,Action
Letters to Juliet,Letters to Juliet is a 2010 American romantic drama film starring Amanda Seyfried# Christopher Egan# Vanessa Redgrave# Gael GarcÃ­a Bernal and Franco Nero. This was the final film of director Gary Winick. The film was released theatrically in North America and other countries on May 14# 2010. The idea for the film was inspired by the 2006 non-fiction book# Letters to Juliet# by Lise Friedman and Ceil Friedman# which chronicles the phenomenon of letter writing to Shakespeare's most famous romantic heroine.,https://upload.wikimedia.org/wikipedia/en/e/e4/Letters_to_juliet_poster.jpg,25-04-2010,Gary Winick,-,-,English,118,7.8,Romance
Shrek Forever After,Shrek Forever After (also marketed as Shrek 3D: The Final Chapter and Shrek: The Final Chapter) is a 2010 American 3D computer-animated fantasy comedy film. It is the fourth installment in the Shrek series# produced by DreamWorks Animation. The film premiered on April 21# 2010 at the Tribeca Film Festival# and was theatrically released by Paramount Pictures1 on May 21# 2010 in the United States. It was also released in 3D and IMAX 3D formats.Taking place after Shrek the Third# Shrek is now a family man and beloved among the local villagers. Yearning for the days when he was feared# he makes a deal with Rumpelstiltskin and accidentally wipes out his entire existence. To restore his existence# Shrek has to regain Fiona's love and kiss her before the sun rises# or he will disappear forever.The film was the #1 film in the United States and Canada for three consecutive weeks and grossed a worldwide total of over $752 million.,https://upload.wikimedia.org/wikipedia/en/7/75/Shrek_forever_after_ver8.jpg,24-11-2010,Mike Mitchell,-,-,English,181,7.3,Tragedy
Django Unchained,Django Unchained is a 2012 American western film written and directed by Quentin Tarantino# starring Jamie Foxx# Christoph Waltz# Leonardo DiCaprio# Kerry Washington# and Samuel L. Jackson. Set in the Old West and antebellum South# it is a highly stylized variation of Spaghetti Westerns# and a tribute to the 1966 Italian film Django by Sergio Corbucci# whose star Franco Nero has a cameo appearance.Development of Django Unchained began in 2007 when Tarantino was writing a book on Sergio Corbucci. By April 2011# Tarantino sent his final draft of the script to The Weinstein Company. Casting began in the summer of 2011# with Michael K. Williams and Will Smith being considered for the role of the title character before Foxx was cast. Principal photography took place from November 2011 to March 2012 in California# Wyoming and Louisiana.Django Unchained premiered at the Ziegfeld Theatre in New York City on December 11# 2012# and was released on December 25# 2012 in the United States. The film was nominated for several film industry awards# including five Academy Awards.,https://upload.wikimedia.org/wikipedia/en/8/8b/Django_Unchained_Poster.jpg,05-11-2010,Quentin Tarantino,Quentin Tarantino,-,English,147,7.1,Romance
Skyfall,Skyfall is the 23rd James Bond film produced by Eon Productions and released in 2012. It features Daniel Craig in his third performance as James Bond# and Javier Bardem as Raoul Silva# the film's villain. It was directed by Sam Mendes and written by Neal Purvis# Robert Wade and John Logan# and features an Academy Award-winning theme# sung by Adele. It was distributed by Metro-Goldwyn-Mayer (MGM) and Columbia Pictures.The story centres on Bond investigating an attack on MI6; the attack is part of a plot by former MI6 agent Raoul Silva to humiliate# discredit and kill M as revenge against her for betraying him. The film sees the return of two recurring characters to the series after an absence of two films: Q# played by Ben Whishaw# and Moneypenny# played by Naomie Harris. Skyfall is the last film of the series for Judi Dench# who played M# a role that she had played in the previous six films. The position is subsequently filled by Ralph Fiennes' character# Gareth Mallory# though Dench would make a brief appearance in the next Bond film# Spectre.,https://upload.wikimedia.org/wikipedia/en/a/a7/Skyfall_poster.jpg,14-05-2010,Sam Mendes,-,-,English,97,6.8,Action
Rise of the Guardians,Rise of the Guardians is a 2012 American 3D computer-animated fantasy film based on William Joyce's The Guardians of Childhood book series and The Man in the Moon short film by Joyce and Reel FX Creative Studios. Peter Ramsey directed the film# while Joyce and Guillermo del Toro were executive producers with voice acting by Chris Pine# Alec Baldwin# Hugh Jackman# Isla Fisher# and Jude Law. Produced by DreamWorks Animation and distributed by Paramount Pictures#1 it was released on November 21# 2012 and received mixed to positive reviews# but under-performed at the box office# contributing to a studio writedown of $83 million for the quarter and the layoffs of 350 employees.Set about 300 years after the book series# the film tells a story about Guardians Santa Claus# the Tooth Fairy# the Easter Bunny# and the Sandman# who enlist Jack Frost to stop Pitch Black from engulfing the world in darkness. The film was nominated for the Golden Globe Award for Best Animated Feature Film. This was the last film by DreamWorks Animation to be distributed by Paramount Pictures.,https://upload.wikimedia.org/wikipedia/en/9/92/Rise_of_the_Guardians_poster.jpg,10-10-2012,Peter Ramsey,-,Christina Steinberg,English,139,8,Action
Snow White and the Huntsman,Snow White and the Huntsman is a 2012 American dark fantasy film based on the German fairy tale  Snow White  compiled by the Brothers Grimm. In the film's retelling of the tale# Snow White grows up imprisoned by her evil stepmother# Queen Ravenna# a powerful sorceress. After Snow White escapes into the forest# Ravenna tells Eric# the Huntsman that she will bring back his dead wife if he captures Snow White. After the Huntsman shifts his loyalty to Snow White# Ravenna disguises herself as William and tempts Snow White into eating a poisoned apple. The film is directed by Rupert Sanders# his first feature film# and written by Evan Daugherty# John Lee Hancock and Hossein Amini.The cast includes Kristen Stewart as Snow White# Charlize Theron as Queen Ravenna# Chris Hemsworth as Eric# the huntsman# Sam Claflin as William# Snow White's childhood friend and Bob Hoskins as the dwarf seer. The film received two Academy Award nominations for Best Visual Effects and Best Costume Design at the 85th Academy Awards. It was a success at the box office# earning $396.6 million worldwide against a $170 million budget.,https://upload.wikimedia.org/wikipedia/en/8/8f/Snow_White_and_the_Huntsman_Poster.jpg,14-05-2010,Rupert Sanders,-,-,English,113,7.7,Action
American Reunion,American Reunion (also known as American Pie 4: Reunion or American Pie: Reunion in certain countries) is a 2012 ensemble sex comedy film written and directed by Jon Hurwitz and Hayden Schlossberg. It is the fourth installment in the American Pie theatrical series and eighth installment in the American Pie franchise overall.,https://upload.wikimedia.org/wikipedia/en/4/47/American_Reunion_Film_Poster.jpg,21-11-2012,Jon Hurwitz,Jon Hurwitz,Chris Moore,English,113,8.9,Tragedy
Hotel Transylvania,Hotel Transylvania is a 2012 American 3D computer animated fantasy comedy film produced by Sony Pictures Animation. It was directed by Genndy Tartakovsky# and produced by Michelle Murdocca. The film stars the voices of Adam Sandler# Andy Samberg# Selena Gomez# Kevin James# Fran Drescher# Steve Buscemi# Molly Shannon# David Spade# and CeeLo Green.The film tells a story of Count Dracula# the owner of a hotel called Hotel Transylvania where the world's monsters can take a rest from human civilization. Dracula invites some of the most famous monsters to celebrate the 118th birthday of his daughter Mavis. When the  non-human hotel  is unexpectedly visited by an ordinary 21-year-old traveler named Jonathan# Dracula must protect Mavis from falling in love with him before the hotel's guests learn there is a human in the castle# which may jeopardize the hotel's future and his career.The film was released on September 28# 2012# by Columbia Pictures. It was met with mixed critical reception# while the general public received it favorably.,https://upload.wikimedia.org/wikipedia/en/f/f5/HotelTransylvania.jpg,31-08-2012,Genndy Tartakovsky,-,Michelle Murdocca,English,129,9.4,Tragedy
The Possession,The Possession is a 2012 American supernatural horror film directed by Ole Bornedal and produced by Sam Raimi. It was released in the US on August 31# 2012# with the film premiering at the Film4 FrightFest.The story is based on the allegedly haunted dybbuk box. Bornedal cited films like The Exorcist as an inspiration# praising their subtlety.,https://upload.wikimedia.org/wikipedia/en/7/70/ThePossession2012Poster.jpg,30-08-2012,Ole Bornedal,Juliet Snowden,Sam Raimi,English,183,8.2,Tragedy
,,,2013-03-01  ,,,,,,,Thriller
The Lego Movie,The Lego Movie (stylized as The LEGO Movie) is a 2014 3D computer-animated adventure-comedy film directed and written by Phil Lord and Christopher Miller# from a story by Dan and Kevin Hageman# as well as Lord and Miller# and produced by Dan Lin and Roy Lee. Based on the Lego line of construction toys# the film stars the voice of Chris Pratt# Will Ferrell# Elizabeth Banks# Will Arnett# Nick Offerman# Alison Brie# Charlie Day# Liam Neeson# and Morgan Freeman. It was the first film produced by Warner Animation Group in eleven years since Looney Tunes: Back in Action# which was released in 2003# and is an international co-production between the United States# Australia# and Denmark. The film tells the story of an ordinary Lego minifigure as he ends up becoming involved in a resistance against a tyrannical businessman who plans to glue everything in the Lego worlds.The film was released theatrically on February 7# 2014 through Warner Bros. Pictures and Village Roadshow Pictures to near-unanimous positive reviews; critics praised its visual style# humor# voice cast# and heartwarming message. It earned more than $257 million in North America and $210 million in other territories for a worldwide total of over $469 million. The film won the BAFTA Award for Best Animated Film# the Critics' Choice Movie Award for Best Animated Feature# and the Saturn Award for Best Animated Film.,https://upload.wikimedia.org/wikipedia/en/1/10/The_Lego_Movie_poster.jpg,05-06-2013,Phil Lord,-,-,English,182,8.9,Comedy
,,,26-02-2013,,,,,,,Comedy
Monsters University,Monsters University is a 2013 American 3D computer-animated comedy film produced by Pixar Animation Studios and released by Walt Disney Pictures. It was directed by Dan Scanlon and produced by Kori Rae# with John Lasseter# Pete Docter# Andrew Stanton and Lee Unkrich as executive producers. It is the fourteenth feature film produced by Pixar and is a prequel to 2001's Monsters# Inc.# marking the first time Pixar has made a prequel film.Disney# as the rights holder# had plans for a sequel to Monsters# Inc. since 2005. Following disagreements with Pixar# Disney tasked its Circle 7 Animation unit to make the film. An early draft of the film was developed; however# Disney's purchase of Pixar in early 2006 led to the cancellation of Circle 7's version of the film. A Pixar-made sequel was confirmed in 2010# and in 2011# it was confirmed that the film would instead be a prequel titled Monsters University.,https://upload.wikimedia.org/wikipedia/en/2/2a/Monsters_University_poster_3.jpg,31-07-2009,Dan Scanlon,-,Kori Rae,English,178,9.2,Action
,,,,,,,,,,Tragedy
Jack the Giant Slayer,Jack the Giant Slayer (previously titled Jack the Giant Killer) is a 2013 American heroic fantasy adventure film based on the British fairy tales  Jack the Giant Killer  and  Jack and the Beanstalk . The film is directed by Bryan Singer with a screenplay written by Darren Lemke# Christopher McQuarrie and Dan Studney and stars Nicholas Hoult# Eleanor Tomlinson# Stanley Tucci# Ian McShane# Bill Nighy# and Ewan McGregor. The film tells the story of Jack# a young farmhand who must rescue a princess from a race of giants after inadvertently opening a gateway to their land in the sky.Development of Jack the Giant Slayer began in 2005# when Lemke first pitched the idea. D. J. Caruso was hired to direct the film in January 2009# but in September of that year# Caruso was replaced by Singer# who hired McQuarrie and Studney to rework the script. The main characters were cast between February and March 2011# and principal photography began in April 2011 in England with locations in Somerset# Gloucestershire and Norfolk. Release of the film was moved back in post-production to allow more time for special effects and marketing.Jack the Giant Slayer premiered on February 26# 2013 in Hollywood and was released theatrically in the United States on March 1# 2013 in 2D and 3D. The film received mixed reviews from critics and is considered a box office failure# losing between $125 million and $140 million for Legendary Pictures.,https://upload.wikimedia.org/wikipedia/en/b/b4/Jack_the_Giant_Slayer_poster.jpg,February  26#  2013  (2013-02-26),Bryan Singer,-,-,English,145,7.7,Romance
,,,,,,,,,,Romance
Oz the Great and Powerful,Oz the Great and Powerful is a 2013 American fantasy adventure film directed by Sam Raimi# produced by Joe Roth# from a screenplay written by David Lindsay-Abaire and Mitchell Kapner. The film stars James Franco as the titular character# Mila Kunis# Rachel Weisz# and Michelle Williams with Zach Braff# Bill Cobbs# Joey King# and Tony Cox in supporting roles. Based on L. Frank Baum's Oz novels and set 20 years before the events of the original novel# Oz the Great and Powerful is a spiritual prequel to the 1939 Metro-Goldwyn-Mayer film# The Wizard of Oz. The film tells the story of Oscar Diggs# a deceptive magician who arrives in the Land of Oz and encounters three witches: Theodora# Evanora# and Glinda. Oscar is then enlisted to restore order in Oz# while struggling to resolve conflicts with the witches and himself.Kapner began developing an origin story for the Wizard of Oz after a lifelong interest of wanting to create one for the character. Walt Disney Pictures commissioned the film's production in 2009# with Joe Roth as producer and Grant Curtis# Joshua Donen# Philip Steuer# and Palak Patel serving as executive producers. Raimi was hired to direct the following year.,https://upload.wikimedia.org/wikipedia/en/5/52/Oz_-_The_Great_and_Powerful_Poster.jpg,July  31#  2009  (2009-07-31) ,Sam Raimi,-,Joe Roth,English,153,7,Thriller
